﻿{
  "Compatibility": "Compatible",
  "Contributors": {
    "Developer": [ "Cirax856" ],
    "Manual graphics": [ "GhostSalt" ]
  },
  "DefuserDifficulty": "Medium",
  "Description": "Input the correct digits of π to solve the module.",
  "ExpertDifficulty": "VeryEasy",
  "ModuleID": "needyPi",
  "Name": "Needy Pi",
  "Origin": "Mods",
  "Published": "2023-08-10",
  "SortKey": "NEEDYPI",
  "SourceUrl": "https://github.com/Cirax856/Needy-pi",
  "SteamID": "3018014447",
  "Symbol": "Npi",
  "Type": "Needy"
}